Site,Date,Sample_ID,Rep,Air_Location,Sample_time,CH4_ppm,CO2_ppm,WaterV_mL,AirV_mL,WaterT_C,Atm_pressure_inHg,AirT_C,Humidity_perc,Note,AirCO2_min_ppm,AirCO2_med_ppm,AirCO2_max_ppm,AirCH4_min_ppm,AirCH4_med_ppm,AirCH4_max_ppm,wCO2_uatm_medhs,wCO2_uatm_minhs,wCO2_uatm_maxhs,wCH4_uatm_medhs,wCH4_uatm_minhs,wCH4_uatm_maxhs,wCO2_umolm3_med,wCH4_umolm3_med,wCO2_uM_med,wCH4_uM_med,wCO2_mgL_med,wCH4_mgL_med
Loíza,11/20/2020,LO-B4,1,LO Air 112020,9:44,58.9,1809,20,20,20,NA,NA,NA,,682,742,836,4.01,6.73,8.15,2951.034968,3015.254367,2850.424578,1460.583484,1533.663397,1422.431471,122680.0832,60719.20707,122.6800832,60.71920707,5399.150461,995.7949959
Loíza,11/20/2020,LO-B6,2,LO Air 112020,9:44,71.12,2180,20,20,20,NA,NA,NA,,682,742,836,4.01,6.73,8.15,3719.124915,3783.344314,3618.514524,1801.125742,1874.205655,1762.973728,154611.0293,74876.19027,154.6110293,74.87619027,6804.431399,1227.96952
Loíza,11/20/2020,LO-D1,1,LO Air 112020,9:44,53.96,2378,20,20,20,NA,NA,NA,,682,742,836,4.01,6.73,8.15,4129.04893,4193.268328,4028.438539,1322.917465,1395.997378,1284.765452,171652.3429,54996.17131,171.6523429,54.99617131,7554.419609,901.9372094
Loíza,11/20/2020,LO-D2,2,LO Air 112020,9:44,65.44,2350,20,20,20,NA,NA,NA,,682,742,836,4.01,6.73,8.15,4071.079877,4135.299276,3970.469487,1642.837687,1715.917601,1604.685674,169242.4601,68295.85765,169.2424601,68.29585765,7448.36067,1120.052066
Loíza,11/20/2020,LO-D3,3,LO Air 112020,9:44,58.78,2279,20,20,20,NA,NA,NA,,682,742,836,4.01,6.73,8.15,3924.086923,3988.306321,3823.476532,1457.23937,1530.319284,1419.087357,163131.6861,60580.18596,163.1316861,60.58018596,7179.425504,993.5150497
Palmas,11/25/2020,PA-B1,1,PA Air 112520,9:33,999.53,4665,20,20,20,NA,NA,NA,,756,777,822,3.22,4.77,5.1,8826.417017,8848.893806,8778.252468,27726.35888,27768.00368,27717.49257,366930.7837,1152636.973,366.9307837,1152.636973,16148.62379,18903.24636
Palmas,11/25/2020,PA-B2,2,PA Air 112520,9:33,734.6,4327,20,20,20,NA,NA,NA,,756,777,822,3.22,4.77,5.1,8126.647739,8149.124529,8078.483191,20343.39159,20385.03639,20334.52528,337840.0566,845713.1138,337.8400566,845.7131138,14868.34089,13869.69507
Palmas,11/25/2020,PA-B3,3,PA Air 112520,9:33,972.57,5621,20,20,20,NA,NA,NA,,756,777,822,3.22,4.77,5.1,10805.6461,10828.12289,10757.48155,26975.04797,27016.69278,26966.18166,449211.0654,1121403.563,449.2110654,1121.403563,19769.77899,18391.01844
Palmas,11/25/2020,PA-C1,1,PA Air 112520,10:01,NA,NA,20,20,20,NA,NA,NA,,756,777,822,3.22,4.77,5.1,NA,NA,NA,NA,NA,NA,NA,NA,NA,NA,NA,NA
Palmas,11/25/2020,PA-C2,2,PA Air 112520,10:01,NA,NA,20,20,20,NA,NA,NA,,756,777,822,3.22,4.77,5.1,NA,NA,NA,NA,NA,NA,NA,NA,NA,NA,NA,NA
Palmas,11/25/2020,PA-C3,3,PA Air 112520,10:01,NA,NA,20,20,20,NA,NA,NA,,756,777,822,3.22,4.77,5.1,NA,NA,NA,NA,NA,NA,NA,NA,NA,NA,NA,NA
Palmas,11/25/2020,PA-D1,1,PA Air 112520,10:40,818.74,4040,20,20,20,NA,NA,NA,,756,777,822,3.22,4.77,5.1,7532.46495,7554.94174,7484.300401,22688.17273,22729.81753,22679.30642,313138.7586,943190.0833,313.1387586,943.1900833,13781.23677,15468.31737
Palmas,11/25/2020,PA-D2,2,PA Air 112520,10:40,904.21,4776,20,20,20,NA,NA,NA,,756,777,822,3.22,4.77,5.1,9056.222904,9078.699694,9008.058355,25070.0178,25111.6626,25061.15149,376484.2474,1042207.87,376.4842474,1042.20787,16569.07173,17092.20907
Palmas,11/25/2020,PA-D3,3,PA Air 112520,10:40,812.07,4110,20,20,20,NA,NA,NA,,756,777,822,3.22,4.77,5.1,7677.387582,7699.864371,7629.223033,22502.29574,22543.94054,22493.42942,319163.4654,935462.8265,319.1634654,935.4628265,14046.38411,15341.59035
Arroyo,12/2/2020,AR-Centroid 1,1,AR Air 120220,10:25,1532.9,4506,20,20,20,NA,NA,NA,,877,994,1349,4.42,6.94,7.06,8264.975454,8390.203281,7885.01068,42531.80606,42599.51245,42528.58195,343590.6002,1768127.305,343.5906002,1768.127305,15121.42232,28997.2878
Arroyo,12/2/2020,AR-Centroid 2,2,AR Air 120220,10:25,2084.01,5925,20,20,20,NA,NA,NA,,877,994,1349,4.42,6.94,7.06,11202.76423,11327.99205,10822.79945,57889.92747,57957.63386,57886.70335,465720.0141,2406593.345,465.7200141,2406.593345,20496.33782,39468.13086
Arroyo,12/2/2020,AR-Centroid 3,3,AR Air 120220,10:25,2082.73,5793,20,20,20,NA,NA,NA,,877,994,1349,4.42,6.94,7.06,10929.48155,11054.70938,10549.51678,57854.25692,57921.96331,57851.03281,454359.1384,2405110.453,454.3591384,2405.110453,19996.34568,39443.81144
Arroyo,12/2/2020,AR-D1,1,AR Air 120220,9:45,1910.87,7609,20,20,20,NA,NA,NA,,877,994,1349,4.42,6.94,7.06,14689.18867,14814.4165,14309.2239,53064.92857,53132.63496,53061.70446,610657.2466,2206009.051,610.6572466,2206.009051,26875.02542,36178.54844
Arroyo,12/2/2020,AR-D2,2,AR Air 120220,9:45,2080.43,7500,20,20,20,NA,NA,NA,,877,994,1349,4.42,6.94,7.06,14463.52343,14588.75126,14083.55866,57790.1614,57857.86779,57786.93729,601275.9174,2402445.882,601.2759174,2402.445882,26462.15313,39400.11247
Arroyo,12/2/2020,AR-D3,3,AR Air 120220,9:45,2449.71,8015,20,20,20,NA,NA,NA,,877,994,1349,4.42,6.94,7.06,15529.73994,15654.96776,15149.77516,68081.11434,68148.82073,68077.89023,645600.5461,2830260.183,645.6005461,2830.260183,28412.88004,46416.267
Esperanza,,ES-5,1,ES Air 1220,,13.19,2107,20,20,20,NA,NA,NA,,788,840,917,4.64,6.82,18.23,3463.09963,3518.756442,3380.684735,184.3367087,242.9081098,-122.2227805,143967.5758,7663.224258,143.9675758,7.663224258,6336.013013,125.6768778
Esperanza,,ES-6,2,ES Air 1220,,11.71,2574,20,20,20,NA,NA,NA,,788,840,917,4.64,6.82,18.23,4429.940614,4485.597426,4347.525719,143.0926382,201.6640393,-163.466851,184160.977,5948.630548,184.160977,5.948630548,8104.924599,97.55754099
,12/15/2020,Room blank 1,,,,2.03,899,20,20,20,NA,NA,NA,,NA,NA,NA,NA,NA,NA,NA,NA,NA,NA,NA,NA,NA,NA,NA,NA,NA,NA
,12/15/2020,Room blank 2,,,,3.22,1033,20,20,20,NA,NA,NA,,NA,NA,NA,NA,NA,NA,NA,NA,NA,NA,NA,NA,NA,NA,NA,NA,NA,NA
,12/15/2020,Room blank 3,,,,2.52,779,20,20,20,NA,NA,NA,,NA,NA,NA,NA,NA,NA,NA,NA,NA,NA,NA,NA,NA,NA,NA,NA,NA,NA
,12/15/2020,Room blank 4,,,,3.04,1297,20,20,20,NA,NA,NA,,NA,NA,NA,NA,NA,NA,NA,NA,NA,NA,NA,NA,NA,NA,NA,NA,NA,NA
,12/15/2020,Test 1,,,,2.44,923,20,20,20,NA,NA,NA,,NA,NA,NA,NA,NA,NA,NA,NA,NA,NA,NA,NA,NA,NA,NA,NA,NA,NA
,12/15/2020,Test 2,,,,2.39,719,20,20,20,NA,NA,NA,,NA,NA,NA,NA,NA,NA,NA,NA,NA,NA,NA,NA,NA,NA,NA,NA,NA,NA
,12/15/2020,Test 3,,,,2.97,893,20,20,20,NA,NA,NA,,NA,NA,NA,NA,NA,NA,NA,NA,NA,NA,NA,NA,NA,NA,NA,NA,NA,NA
,6/2/2021,Room blank 1,,,,1.12,882,20,20,20,NA,NA,NA,,NA,NA,NA,NA,NA,NA,NA,NA,NA,NA,NA,NA,NA,NA,NA,NA,NA,NA
,6/2/2021,Room blank 2,,,,-2.38,484,20,20,20,NA,NA,NA,,NA,NA,NA,NA,NA,NA,NA,NA,NA,NA,NA,NA,NA,NA,NA,NA,NA,NA
,6/2/2021,Room blank 3,,,,-1.98,525,20,20,20,NA,NA,NA,,NA,NA,NA,NA,NA,NA,NA,NA,NA,NA,NA,NA,NA,NA,NA,NA,NA,NA
,6/2/2021,Test 1,,,,-1.3,593,20,20,20,NA,NA,NA,Travel test,NA,NA,NA,NA,NA,NA,NA,NA,NA,NA,NA,NA,NA,NA,NA,NA,NA,NA
,6/2/2021,Test 2,,,,-1.9,671,20,20,20,NA,NA,NA,Travel test,NA,NA,NA,NA,NA,NA,NA,NA,NA,NA,NA,NA,NA,NA,NA,NA,NA,NA
Palmas,6/11/2021,PA-B1,1,PA Air 061121,14:05,215.49,7181,20,20,20,30.01,82,NA,Different location than November sampling,488,680,862,0.09,1.03,2.14,14139.17182,14344.67389,13944.37298,5977.518752,6002.77431,5947.695699,587792.0097,248496.7157,587.7920097,248.4967157,25868.72635,4075.346138
Palmas,6/11/2021,PA-B2,2,PA Air 061121,14:05,450.5,7527,20,20,20,30.01,82,NA,Different location than November sampling,488,680,862,0.09,1.03,2.14,14855.50368,15061.00576,14660.70484,12526.687,12551.94255,12496.86394,617571.2748,520757.9778,617.5712748,520.7579778,27179.3118,8540.430836
Palmas,6/11/2021,PA-B3,3,PA Air 061121,14:05,423.8,7474,20,20,20,30.01,82,NA,Different location than November sampling,488,680,862,0.09,1.03,2.14,14745.77655,14951.27862,14550.9777,11782.62167,11807.87723,11752.79862,613009.711,489825.7805,613.009711,489.8257805,26978.55738,8033.1428
Palmas,6/11/2021,PA-D1,1,PA Air 061121,14:30,423.83,6633,20,20,20,30.01,82,NA,Different location than November sampling,488,680,862,0.09,1.03,2.14,13004.63465,13210.13672,12809.8358,11783.4577,11808.71326,11753.63465,540627.162,489860.5358,540.627162,489.8605358,23793.0014,8033.712786
Palmas,6/11/2021,PA-D2,2,PA Air 061121,14:30,420.35,6631,20,20,20,30.01,82,NA,Different location than November sampling,488,680,862,0.09,1.03,2.14,13000.494,13205.99607,12805.69516,11686.4784,11711.73396,11656.65535,540455.0276,485828.9235,540.4550276,485.8289235,23785.42576,7967.594346
Palmas,6/11/2021,PA-D3,3,PA Air 061121,14:30,472.23,6664,20,20,20,30.01,82,NA,Different location than November sampling,488,680,862,0.09,1.03,2.14,13068.81467,13274.31674,12874.01583,13132.25027,13157.50583,13102.42722,543295.2465,545932.3841,543.2952465,545.9323841,23910.4238,8953.2911
Esperanza,6/14/2021,ES-4,1,ES Air 061421,9:00,107.48,4782,20,20,20,30.11,29.7,81.5,Sampled in quadrant C,574,587,592,-1.81,-0.89,-0.53,9272.006272,9285.920475,9266.654656,3019.123457,3043.841663,3009.451116,385454.7685,125510.6499,385.4547685,125.5106499,16963.86436,2058.374659
Esperanza,6/14/2021,ES-5,2,ES Air 061421,9:00,61.36,4578,20,20,20,30.11,29.7,81.5,Sampled in quadrant C,574,587,592,-1.81,-0.89,-0.53,8849.660318,8863.574521,8844.308701,1733.869045,1758.587251,1724.196704,367897.0515,72080.20269,367.8970515,72.08020269,16191.14924,1182.115324
Esperanza,6/14/2021,ES-6,3,ES Air 061421,9:00,106.85,5382,20,20,20,30.11,29.7,81.5,Sampled in quadrant C,574,587,592,-1.81,-0.89,-0.53,10514.20026,10528.11446,10508.84864,3001.56686,3026.285066,2991.894518,437095.1127,124780.7891,437.0951127,124.7807891,19236.55591,2046.404941
Tortuguero,6/16/2021,TO-1,1,TO Air 061621,11:20,12.31,6348,20,20,20,30.05,86,72,,491,559,780,-1.89,-1.49,-1.16,12544.10162,12616.88361,12307.56017,383.0830895,393.8301356,374.2167765,521481.9367,15925.48573,521.4819367,15.92548573,22950.42003,261.177966
Tortuguero,6/16/2021,TO-3,3,TO Air 061621,11:20,11.59,6617,20,20,20,30.05,86,72,,491,559,780,-1.89,-1.49,-1.16,13101.01859,13173.80058,12864.47714,363.0184066,373.7654527,354.1520936,544634.0243,15091.35906,544.6340243,15.09135906,23969.34341,247.4982886
Manantial,6/16/2021,VB-01,1,VB Air 061621,10:10,3.85,6398,20,20,20,30.05,84,73,,568,571,658,-1.85,-1.64,-1.49,12634.77391,12637.98488,12541.65578,151.3532074,156.9954065,147.3230651,525251.3544,6292.037968,525.2513544,6.292037968,23116.31211,103.1894227
Manantial,6/16/2021,VB-02,2,VB Air 061621,10:10,3.95,6890,20,20,20,30.05,84,73,,568,571,658,-1.85,-1.64,-1.49,13653.37298,13656.58395,13560.25485,154.1399689,159.7821681,150.1098266,567596.4366,6407.888895,567.5964366,6.407888895,24979.91917,105.0893779
Manantial,6/16/2021,VB-03,3,VB Air 061621,10:10,3.52,6035,20,20,20,30.05,84,73,,568,571,658,-1.85,-1.64,-1.49,11883.24655,11886.45752,11790.12842,142.1568943,147.7990935,138.1267521,494008.9462,5909.729911,494.0089462,5.909729911,21741.33372,96.91957055
Corredor,6/17/2021,CEN-1,1,CEN Air 061721,12:30,111.27,5590,20,20,20,30.02,82,85,,644,662,707,-1.84,-1.72,-1.65,10864.55326,10883.81908,10816.38871,3147.041839,3150.265953,3145.161106,451659.9469,130828.4581,451.6599469,130.8284581,19877.55426,2145.586712
Corredor,6/17/2021,CEN-2,2,CEN Air 061721,12:30,100.81,5082,20,20,20,30.02,82,85,,644,662,707,-1.84,-1.72,-1.65,9812.829016,9832.094836,9764.664467,2855.546585,2858.770698,2853.665852,407937.7889,118710.4512,407.9377889,118.7104512,17953.34209,1946.851399
Corredor,6/17/2021,CEN-3,3,CEN Air 061721,12:30,102.98,4291,20,20,20,30.02,82,85,,644,662,707,-1.84,-1.72,-1.65,8175.203281,8194.4691,8127.038732,2916.01931,2919.243423,2914.138577,339858.6019,121224.4163,339.8586019,121.2244163,14957.17707,1988.080427
Loíza,6/28/2021,LO-C1,1,LO Air 062821,9:37,232.45,3988,20,20,20,30.08,82,NA,,556,657,701,-2.06,-2.04,-1.59,7553.246935,7661.349589,7506.15271,6532.637084,6533.174436,6520.546657,314002.7049,271574.0306,314.0027049,271.5740306,13819.25904,4453.814102
Loíza,6/28/2021,LO-C2,2,LO Air 062821,9:37,238.28,3600,20,20,20,30.08,82,NA,,556,657,701,-2.06,-2.04,-1.59,6749.961492,6858.064146,6702.867267,6695.105281,6695.642633,6683.014854,280608.6157,278328.1396,280.6086157,278.3281396,12349.58518,4564.58149
Loíza,6/28/2021,LO-C3,3,LO Air 062821,9:37,234.7,3843,20,20,20,30.08,82,NA,,556,657,701,-2.06,-2.04,-1.59,7253.050056,7361.15271,7205.95583,6595.339218,6595.876571,6583.248791,301522.955,274180.6765,301.522955,274.1806765,13270.02525,4496.563094
Loíza,6/28/2021,LO-D1,1,LO Air 062821,9:47,160.55,3338,20,20,20,30.08,82,NA,Could be switched around with LO-Air,556,657,701,-2.06,-2.04,-1.59,6207.536786,6315.63944,6160.44256,4528.955553,4529.492905,4516.865126,258058.9987,188277.2145,258.0589987,188.2772145,11357.17653,3087.746319
Loíza,6/28/2021,LO-D2,2,LO Air 062821,9:47,146.67,3276,20,20,20,30.08,82,NA,Could be switched around with LO-Air,556,657,701,-2.06,-2.04,-1.59,6079.176741,6187.279395,6032.082515,4142.153054,4142.690406,4130.062627,252722.8298,172197.106,252.7228298,172.197106,11122.33174,2824.032538
Loíza,6/28/2021,LO-D3,3,LO Air 062821,9:47,91.92,2515,20,20,20,30.08,82,NA,Could be switched around with LO-Air,556,657,701,-2.06,-2.04,-1.59,4503.660704,4611.763358,4456.566479,2616.401123,2616.938475,2604.310696,187225.66,108768.7238,187.22566,108.7687238,8239.801299,1783.80707
Tortuguero,6/30/2021,TO-01-0630,1,TO Air 063021,14:50,96.34,4942,20,20,20,NA,NA,NA,,495,577,582,-2.03,-1.62,-1.29,9613.961234,9701.727746,9608.609618,2728.291583,2739.307305,2719.42527,399670.4805,113420.221,399.6704805,113.420221,17589.49785,1860.091625
Tortuguero,6/30/2021,TO-02-0630,2,TO Air 063021,14:50,94.93,5261,20,20,20,NA,NA,NA,,495,577,582,-2.03,-1.62,-1.29,10274.39437,10362.16088,10269.04275,2688.998246,2700.013968,2680.131933,427125.9302,111786.723,427.1259302,111.786723,18797.81219,1833.302257
Tortuguero,6/30/2021,TO-03-0630,3,TO Air 063021,14:50,91.1,4901,20,20,20,NA,NA,NA,,495,577,582,-2.03,-1.62,-1.29,9529.077979,9616.84449,9523.726362,2582.26528,2593.281002,2573.398967,396141.7237,107349.6325,396.1417237,107.3496325,17434.19726,1760.533973
Manantial,6/30/2021,VB-01-0630,1,VB Air 063021,13:20,3.69,6040,20,20,20,NA,NA,NA,,542,555,1039,-1.83,-1.74,-1.34,11910.72334,11924.63754,11392.68686,149.5811504,151.9992358,138.8341044,495151.2081,6218.370224,495.1512081,6.218370224,21791.60467,101.9812717
Manantial,6/30/2021,VB-02-0630,2,VB Air 063021,13:20,2.18,6131,20,20,20,NA,NA,NA,,542,555,1039,-1.83,-1.74,-1.34,12099.12276,12113.03696,11581.08628,107.5010515,109.9191369,96.75400544,502983.327,4469.021236,502.983327,4.469021236,22136.29622,73.29194827
Manantial,6/30/2021,VB-03-0630,3,VB Air 063021,13:20,3.44,6801,20,20,20,NA,NA,NA,,542,555,1039,-1.83,-1.74,-1.34,13486.23937,13500.15358,12968.20289,142.6142466,145.032332,131.8672006,560648.3779,5928.742908,560.6483779,5.928742908,24674.13511,97.23138369
Loíza,6/28/2021,LO-B2,,,9:44,NA,NA,20,20,20,NA,NA,NA,,NA,NA,NA,NA,NA,NA,NA,NA,NA,NA,NA,NA,NA,NA,NA,NA,NA,NA
Loíza,6/28/2021,LO-B3,,,9:44,NA,NA,20,20,20,NA,NA,NA,,NA,NA,NA,NA,NA,NA,NA,NA,NA,NA,NA,NA,NA,NA,NA,NA,NA,NA
